API,Category,Description_URL
Accept,Internet,https://malapi.io/winapi/Accept
AdjustTokenPrivileges,Injection,https://malapi.io/winapi/AdjustTokenPrivileges
AttachThreadInput,Spying,https://malapi.io/winapi/AttachThreadInput
Bind,Internet,https://malapi.io/winapi/Bind
BitBlt,Spying,https://malapi.io/winapi/BitBlt
BringWindowToTop,Helper,https://malapi.io/winapi/BringWindowToTop
CallNextHookEx,Spying,https://malapi.io/winapi/CallNextHookEx
CallWindowProcA,Helper,https://malapi.io/winapi/CallWindowProcA
CheckRemoteDebuggerPresent,Anti-Debugging,https://malapi.io/winapi/CheckRemoteDebuggerPresent
Closesocket,Internet,https://malapi.io/winapi/Closesocket
Connect,Internet,https://malapi.io/winapi/Connect
ConnectNamedPipe,Helper,https://malapi.io/winapi/ConnectNamedPipe
ControlService,Helper,https://malapi.io/winapi/ControlService
ControlServiceExA,Helper,https://malapi.io/winapi/ControlServiceExA
CopyFile2,Helper,https://malapi.io/winapi/CopyFile2
CopyFileA,Helper,https://malapi.io/winapi/CopyFileA
CopyFileExA,Helper,https://malapi.io/winapi/CopyFileExA
CountClipboardFormats,Anti-Debugging,https://malapi.io/winapi/CountClipboardFormats
CreateFile2,Helper,https://malapi.io/winapi/CreateFile2
CreateFileA,Helper,https://malapi.io/winapi/CreateFileA
CreateFileMappingA,Injection,https://malapi.io/winapi/CreateFileMappingA
CreateFileMappingA,Evasion,https://malapi.io/winapi/CreateFileMappingA
CreateMutexA,Helper,https://malapi.io/winapi/CreateMutexA
CreateMutexExA,Helper,https://malapi.io/winapi/CreateMutexExA
CreatePipe,Helper,https://malapi.io/winapi/CreatePipe
CreateProcessA,Injection,https://malapi.io/winapi/CreateProcessA
CreateProcessAsUserA,Injection,https://malapi.io/winapi/CreateProcessAsUserA
CreateProcessInternal,Injection,https://malapi.io/winapi/CreateProcessInternal
CreateProcessInternal,Evasion,https://malapi.io/winapi/CreateProcessInternal
CreateProcessWithTokenW,Injection,https://malapi.io/winapi/CreateProcessWithTokenW
CreateRemoteThread,Injection,https://malapi.io/winapi/CreateRemoteThread
CreateRemoteThreadEx,Injection,https://malapi.io/winapi/CreateRemoteThreadEx
CreateServiceA,Helper,https://malapi.io/winapi/CreateServiceA
CreateThread,Injection,https://malapi.io/winapi/CreateThread
CreateTimerQueueTimer,Evasion,https://malapi.io/winapi/CreateTimerQueueTimer
CreateToolhelp32Snapshot,Enumeration,https://malapi.io/winapi/CreateToolhelp32Snapshot
CreateToolhelp32Snapshot,Anti-Debugging,https://malapi.io/winapi/CreateToolhelp32Snapshot
CreateWaitableTimer,Evasion,https://malapi.io/winapi/CreateWaitableTimer
CreateWindowExA,Evasion,https://malapi.io/winapi/CreateWindowExA
CryptAcquireContextA,Ransomware,https://malapi.io/winapi/CryptAcquireContextA
CryptBinaryToString,Ransomware,https://malapi.io/winapi/CryptBinaryToString
CryptCreateHash,Ransomware,https://malapi.io/winapi/CryptCreateHash
CryptDecrypt,Ransomware,https://malapi.io/winapi/CryptDecrypt
CryptDeriveKey,Ransomware,https://malapi.io/winapi/CryptDeriveKey
CryptDestroyHash,Ransomware,https://malapi.io/winapi/CryptDestroyHash
CryptDestroyKey,Ransomware,https://malapi.io/winapi/CryptDestroyKey
CryptEncrypt,Ransomware,https://malapi.io/winapi/CryptEncrypt
CryptGenRandom,Ransomware,https://malapi.io/winapi/CryptGenRandom
CryptGetHashParam,Ransomware,https://malapi.io/winapi/CryptGetHashParam 
CryptHashData,Ransomware,https://malapi.io/winapi/CryptHashData
CryptProtectData,Evasion,https://malapi.io/winapi/CryptProtectData
CryptProtectData,Ransomware,https://malapi.io/winapi/CryptProtectData
CryptReleaseContext,Ransomware,https://malapi.io/winapi/CryptReleaseContext
CryptSetKeyParam,Ransomware,https://malapi.io/winapi/CryptSetKeyParam
CryptSetKeyParam,Ransomware,https://malapi.io/winapi/CryptSetKeyParam
CryptStringToBinary,Ransomware,https://malapi.io/winapi/CryptStringToBinary 
DebugActiveProcessStop,Injection,https://malapi.io/winapi/DebugActiveProcessStop
DecryptFileA,Ransomware,https://malapi.io/winapi/DecryptFileA
DeleteFileA,Evasion,https://malapi.io/winapi/DeleteFileA
DeleteService,Helper,https://malapi.io/winapi/DeleteService
DeviceIoControl,Helper,https://malapi.io/winapi/DeviceIoControl
DnsQueryEx,Internet,https://malapi.io/winapi/DnsQueryEx
DnsQuery_A,Internet,https://malapi.io/winapi/DnsQuery_A
DrawTextExA,Helper,https://malapi.io/winapi/DrawTextExA
DuplicateToken,Injection,https://malapi.io/winapi/DuplicateToken
DuplicateToken,Evasion,https://malapi.io/winapi/DuplicateToken
EncryptFileA,Ransomware,https://malapi.io/winapi/EncryptFileA
EnumDesktopWindows,Enumeration,https://malapi.io/winapi/EnumDesktopWindows
EnumDeviceDrivers,Enumeration,https://malapi.io/winapi/EnumDeviceDrivers
EnumProcessModules,Enumeration,https://malapi.io/winapi/EnumProcessModules
EnumProcessModulesEx,Enumeration,https://malapi.io/winapi/EnumProcessModulesEx
EnumProcesses,Enumeration,https://malapi.io/winapi/EnumProcesses
EnumResourceTypesA,Enumeration,https://malapi.io/winapi/EnumResourceTypesA
EnumResourceTypesExA,Enumeration,https://malapi.io/winapi/EnumResourceTypesExA
EnumSystemLocalesA,Enumeration,https://malapi.io/winapi/EnumSystemLocalesA
EnumSystemLocalesA,Injection,https://malapi.io/winapi/EnumSystemLocalesA
EnumSystemLocalesA,Evasion,https://malapi.io/winapi/EnumSystemLocalesA
EnumSystemLocalesA,Ransomware,https://malapi.io/winapi/EnumSystemLocalesA
EnumWindows,Enumeration,https://malapi.io/winapi/EnumWindows
ExitWindowsEx,Anti-Debugging,https://malapi.io/winapi/ExitWindowsEx
FindClose,Helper,https://malapi.io/winapi/FindClose
FindFirstFileA,Enumeration,https://malapi.io/winapi/FindFirstFileA
FindFirstUrlCacheEntryA,Enumeration,https://malapi.io/winapi/FindFirstUrlCacheEntryA
FindFirstUrlCacheEntryA,Internet,https://malapi.io/winapi/FindFirstUrlCacheEntryA
FindNextFileA,Enumeration,https://malapi.io/winapi/FindNextFileA
FindNextUrlCacheEntryA,Enumeration,https://malapi.io/winapi/FindNextUrlCacheEntryA
FindNextUrlCacheEntryA,Internet,https://malapi.io/winapi/FindNextUrlCacheEntryA
FindResourceA,Helper,https://malapi.io/winapi/FindResourceA
FindResourceExA,Helper,https://malapi.io/winapi/FindResourceExA
FindWindowA,Anti-Debugging,https://malapi.io/winapi/FindWindowA
FindWindowExA,Anti-Debugging,https://malapi.io/winapi/FindWindowExA
FlushEfsCache,Ransomware,https://malapi.io/winapi/FlushEfsCache
FtpPutFileA,Internet,https://malapi.io/winapi/FtpPutFileA
GetAdaptersInfo,Enumeration,https://malapi.io/winapi/GetAdaptersInfo
GetAsyncKeyState,Spying,https://malapi.io/winapi/GetAsyncKeyState
GetClipboardData,Spying,https://malapi.io/winapi/GetClipboardData
GetComputerNameA,Enumeration,https://malapi.io/winapi/GetComputerNameA
GetComputerNameA,Anti-Debugging,https://malapi.io/winapi/GetComputerNameA
GetCurrentHwProfileA,Enumeration,https://malapi.io/winapi/GetCurrentHwProfileA
GetCurrentProcess,Enumeration,https://malapi.io/winapi/GetCurrentProcess
GetCurrentProcessId,Enumeration,https://malapi.io/winapi/GetCurrentProcessId
GetCurrentThread,Enumeration,https://malapi.io/winapi/GetCurrentThread
GetCurrentThreadId,Enumeration,https://malapi.io/winapi/GetCurrentThreadId
GetDC,Spying,https://malapi.io/winapi/GetDC
GetDCEx,Spying,https://malapi.io/winapi/GetDCEx
GetDesktopWindow,Helper,https://malapi.io/winapi/GetDesktopWindow
GetDriveTypeA,Enumeration,https://malapi.io/winapi/GetDriveTypeA
GetDriveTypeA,Ransomware,https://malapi.io/winapi/GetDriveTypeA
GetDriveTypeA,Helper,https://malapi.io/winapi/GetDriveTypeA
GetFileAttributesA,Enumeration,https://malapi.io/winapi/GetFileAttributesA 
GetFileTime,Enumeration,https://malapi.io/winapi/GetFileTime 
GetForegroundWindow,Spying,https://malapi.io/winapi/GetForegroundWindow
GetForegroundWindow,Anti-Debugging,https://malapi.io/winapi/GetForegroundWindow
GetIpNetTable,Enumeration,https://malapi.io/winapi/GetIpNetTable
GetIpNetTable,Helper,https://malapi.io/winapi/GetIpNetTable
GetKeyState,Spying,https://malapi.io/winapi/GetKeyState
GetKeyboardState,Spying,https://malapi.io/winapi/GetKeyboardState
GetKeynameTextA,Spying,https://malapi.io/winapi/GetKeynameTextA
GetLogicalDrives,Enumeration,https://malapi.io/winapi/GetLogicalDrives
GetLogicalDrives,Ransomware,https://malapi.io/winapi/GetLogicalDrives
GetLogicalDrives,Helper,https://malapi.io/winapi/GetLogicalDrives
GetLogicalProcessorInformation,Enumeration,https://malapi.io/winapi/GetLogicalProcessorInformation
GetLogicalProcessorInformation,Anti-Debugging,https://malapi.io/winapi/GetLogicalProcessorInformation
GetLogicalProcessorInformationEx,Enumeration,https://malapi.io/winapi/GetLogicalProcessorInformationEx
GetLogicalProcessorInformationEx,Anti-Debugging,https://malapi.io/winapi/GetLogicalProcessorInformationEx
GetMessageA,Spying,https://malapi.io/winapi/GetMessageA
GetModuleBaseNameA,Enumeration,https://malapi.io/winapi/GetModuleBaseNameA
GetModuleBaseNameA,Helper,https://malapi.io/winapi/GetModuleBaseNameA
GetModuleFileNameA,Helper,https://malapi.io/winapi/GetModuleFileNameA
GetModuleFileNameExA,Helper,https://malapi.io/winapi/GetModuleFileNameExA
GetModuleHandleA,Injection,https://malapi.io/winapi/GetModuleHandleA
GetModuleHandleA,Evasion,https://malapi.io/winapi/GetModuleHandleA
GetNativeSystemInfo,Enumeration,https://malapi.io/winapi/GetNativeSystemInfo
GetNativeSystemInfo,Anti-Debugging,https://malapi.io/winapi/GetNativeSystemInfo
GetProcAddress,Injection,https://malapi.io/winapi/GetProcAddress
GetProcAddress,Evasion,https://malapi.io/winapi/GetProcAddress
GetProcessHeap,Injection,https://malapi.io/winapi/GetProcessHeap
GetProcessHeaps,Injection,https://malapi.io/winapi/GetProcessHeaps
GetProcessId,Enumeration,https://malapi.io/winapi/GetProcessId
GetProcessIdOfThread,Enumeration,https://malapi.io/winapi/GetProcessIdOfThread
GetRawInputData,Spying,https://malapi.io/winapi/GetRawInputData
GetSystemDefaultLangId,Enumeration,https://malapi.io/winapi/GetSystemDefaultLangId
GetSystemDirectoryA,Enumeration,https://malapi.io/winapi/GetSystemDirectoryA
GetSystemTime,Enumeration,https://malapi.io/winapi/GetSystemTime
GetSystemTime,Anti-Debugging,https://malapi.io/winapi/GetSystemTime
GetSystemTimeAsFileTime,Enumeration,https://malapi.io/winapi/GetSystemTimeAsFileTime
GetSystemTimeAsFileTime,Anti-Debugging,https://malapi.io/winapi/GetSystemTimeAsFileTime
GetTempFileNameA,Helper,https://malapi.io/winapi/GetTempFileNameA
GetTempPathA,Helper,https://malapi.io/winapi/GetTempPathA
GetThreadContext,Injection,https://malapi.io/winapi/GetThreadContext
GetThreadId,Enumeration,https://malapi.io/winapi/GetThreadId
GetThreadInformation,Enumeration,https://malapi.io/winapi/GetThreadInformation
GetThreadLocale,Enumeration,https://malapi.io/winapi/GetThreadLocale
GetTickCount,Anti-Debugging,https://malapi.io/winapi/GetTickCount
GetTickCount64,Anti-Debugging,https://malapi.io/winapi/GetTickCount64
GetUserNameA,Enumeration,https://malapi.io/winapi/GetUserNameA
GetUserNameA,Anti-Debugging,https://malapi.io/winapi/GetUserNameA
GetVersionExA,Enumeration,https://malapi.io/winapi/GetVersionExA
GetWindowDC,Spying,https://malapi.io/winapi/GetWindowDC
GetWindowsDirectoryA,Enumeration,https://malapi.io/winapi/GetWindowsDirectoryA
Gethostbyname,Internet,https://malapi.io/winapi/Gethostbyname
Gethostname,Internet,https://malapi.io/winapi/Gethostname
GlobalAlloc,Injection,https://malapi.io/winapi/GlobalAlloc
HeapAlloc,Injection,https://malapi.io/winapi/HeapAlloc
HeapCreate,Injection,https://malapi.io/winapi/HeapCreate
HeapReAlloc,Injection,https://malapi.io/winapi/HeapReAlloc
HttpAddRequestHeaders,Internet,https://malapi.io/winapi/HttpAddRequestHeaders
HttpOpenRequestA,Internet,https://malapi.io/winapi/HttpOpenRequestA
HttpSendRequestA,Internet,https://malapi.io/winapi/HttpSendRequestA
HttpSendRequestExA,Internet,https://malapi.io/winapi/HttpSendRequestExA
IcmpSendEcho,Evasion,https://malapi.io/winapi/IcmpSendEcho
ImpersonateLoggedOnUser,Evasion,https://malapi.io/winapi/ImpersonateLoggedOnUser
ImpersonateLoggedOnUser,Helper,https://malapi.io/winapi/ImpersonateLoggedOnUser
Inet_addr,Internet,https://malapi.io/winapi/Inet_addr
InternetCloseHandle,Internet,https://malapi.io/winapi/InternetCloseHandle
InternetConnectA,Internet,https://malapi.io/winapi/InternetConnectA
InternetOpenA,Internet,https://malapi.io/winapi/InternetOpenA
InternetOpenUrlA,Internet,https://malapi.io/winapi/InternetOpenUrlA
InternetReadFile,Internet,https://malapi.io/winapi/InternetReadFile
InternetReadFileExA,Internet,https://malapi.io/winapi/InternetReadFileExA
InternetSetOptionA,Internet,https://malapi.io/winapi/InternetSetOptionA
InternetWriteFile,Internet,https://malapi.io/winapi/InternetWriteFile
IsDebuggerPresent,Anti-Debugging,https://malapi.io/winapi/IsDebuggerPresent
IsWoW64Process,Enumeration,https://malapi.io/winapi/IsWoW64Process
IsWoW64Process,Helper,https://malapi.io/winapi/IsWoW64Process
KeInsertQueueApc,Injection,https://malapi.io/winapi/KeInsertQueueApc
LdrLoadDll,Injection,https://malapi.io/winapi/LdrLoadDll
Listen,Internet,https://malapi.io/winapi/Listen
LoadLibraryA,Injection,https://malapi.io/winapi/LoadLibraryA
LoadLibraryA,Evasion,https://malapi.io/winapi/LoadLibraryA
LoadLibraryExA,Injection,https://malapi.io/winapi/LoadLibraryExA
LoadLibraryExA,Evasion,https://malapi.io/winapi/LoadLibraryExA
LoadResource,Evasion,https://malapi.io/winapi/LoadResource
LocalAlloc,Injection,https://malapi.io/winapi/LocalAlloc
LockResource,Evasion,https://malapi.io/winapi/LockResource
LockResource,Helper,https://malapi.io/winapi/LockResource
LookupAccountNameA,Enumeration,https://malapi.io/winapi/LookupAccountNameA
LookupPrivilegeValueA,Enumeration,https://malapi.io/winapi/LookupPrivilegeValueA
MapViewOfFile,Injection,https://malapi.io/winapi/MapViewOfFile
MapViewOfFile2,Injection,https://malapi.io/winapi/MapViewOfFile2
MapViewOfFile3,Injection,https://malapi.io/winapi/MapViewOfFile3
MapViewOfFileEx,Injection,https://malapi.io/winapi/MapViewOfFileEx
MapVirtualKeyA,Spying,https://malapi.io/winapi/MapVirtualKeyA
MapVirtualKeyExA,Spying,https://malapi.io/winapi/MapVirtualKeyExA
Module32First,Enumeration,https://malapi.io/winapi/Module32First
Module32Next,Enumeration,https://malapi.io/winapi/Module32Next
MoveFileA,Helper,https://malapi.io/winapi/MoveFileA
MoveFileExA,Helper,https://malapi.io/winapi/MoveFileExA
NetShareAdd,Helper,https://malapi.io/winapi/NetShareAdd
NetShareCheck,Enumeration,https://malapi.io/winapi/NetShareCheck
NetShareEnum,Enumeration,https://malapi.io/winapi/NetShareEnum
NetShareGetInfo,Enumeration,https://malapi.io/winapi/NetShareGetInfo
NetShareSetInfo,Helper,https://malapi.io/winapi/NetShareSetInfo 
NtAdjustPrivilegesToken,Injection,https://malapi.io/winapi/NtAdjustPrivilegesToken
NtAllocateVirtualMemory,Injection,https://malapi.io/winapi/NtAllocateVirtualMemory
NtClose,Helper,https://malapi.io/winapi/NtClose
NtContinue,Injection,https://malapi.io/winapi/NtContinue
NtCreateFile,Helper,https://malapi.io/winapi/NtCreateFile
NtCreateProcess,Injection,https://malapi.io/winapi/NtCreateProcess
NtCreateProcessEx,Injection,https://malapi.io/winapi/NtCreateProcessEx
NtCreateSection,Injection,https://malapi.io/winapi/NtCreateSection
NtCreateThread,Injection,https://malapi.io/winapi/NtCreateThread
NtCreateThreadEx,Injection,https://malapi.io/winapi/NtCreateThreadEx
NtCreateUserProcess,Injection,https://malapi.io/winapi/NtCreateUserProcess
NtDelayExecution,Evasion,https://malapi.io/winapi/NtDelayExecution
NtDeleteKey,Helper,https://malapi.io/winapi/NtDeleteKey
NtDeleteValueKey,Helper,https://malapi.io/winapi/NtDeleteValueKey
NtDuplicateObject,Injection,https://malapi.io/winapi/NtDuplicateObject
NtMakeTemporaryObject,Helper,https://malapi.io/winapi/NtMakeTemporaryObject
NtMapViewOfSection,Injection,https://malapi.io/winapi/NtMapViewOfSection
NtOpenProcess,Injection,https://malapi.io/winapi/NtOpenProcess
NtOpenThread,Injection,https://malapi.io/winapi/NtOpenThread
NtProtectVirtualMemory,Injection,https://malapi.io/winapi/NtProtectVirtualMemory
NtQueryDirectoryFile,Enumeration,https://malapi.io/winapi/NtQueryDirectoryFile
NtQueryInformationProcess,Enumeration,https://malapi.io/winapi/NtQueryInformationProcess
NtQueryInformationProcess,Anti-Debugging,https://malapi.io/winapi/NtQueryInformationProcess
NtQuerySystemEnvironmentValueEx,Enumeration,https://malapi.io/winapi/NtQuerySystemEnvironmentValueEx
NtQueryTimer,Helper,https://malapi.io/winapi/NtQueryTimer
NtQueueApcThread,Injection,https://malapi.io/winapi/NtQueueApcThread
NtQueueApcThreadEx,Injection,https://malapi.io/winapi/NtQueueApcThreadEx
NtQueueApcThreadEx2,Injection,https://malapi.io/winapi/NtQueueApcThreadEx2
NtReadVirtualMemory,Injection,https://malapi.io/winapi/NtReadVirtualMemory
NtReadVirtualMemoryEx,Injection,https://malapi.io/winapi/NtReadVirtualMemoryEx
NtResumeProcess,Injection,https://malapi.io/winapi/NtResumeProcess
NtResumeProcess,Helper,https://malapi.io/winapi/NtResumeProcess
NtResumeThread,Injection,https://malapi.io/winapi/NtResumeThread
NtSetContextThread,Helper,https://malapi.io/winapi/NtSetContextThread
NtSetInformationProcess,Helper,https://malapi.io/winapi/NtSetInformationProcess
NtSetInformationThread,Helper,https://malapi.io/winapi/NtSetInformationThread
NtSetSystemEnvironmentValueEx,Helper,https://malapi.io/winapi/NtSetSystemEnvironmentValueEx
NtSetValueKey,Helper,https://malapi.io/winapi/NtSetValueKey
NtShutdownSystem,Helper,https://malapi.io/winapi/NtShutdownSystem
NtSuspendProcess,Injection,https://malapi.io/winapi/NtSuspendProcess
NtTerminateProcess,Helper,https://malapi.io/winapi/NtTerminateProcess
NtTerminateThread,Helper,https://malapi.io/winapi/NtTerminateThread
NtUnmapViewOfSection,Injection,https://malapi.io/winapi/NtUnmapViewOfSection
NtWaitForMultipleObjects,Injection,https://malapi.io/winapi/NtWaitForMultipleObjects
NtWaitForMultipleObjects,Evasion,https://malapi.io/winapi/NtWaitForMultipleObjects
NtWaitForSingleObject,Injection,https://malapi.io/winapi/NtWaitForSingleObject
NtWaitForSingleObject,Evasion,https://malapi.io/winapi/NtWaitForSingleObject
NtWriteVirtualMemory,Injection,https://malapi.io/winapi/NtWriteVirtualMemory
OpenClipboard,Helper,https://malapi.io/winapi/OpenClipboard
OpenFileMappingA,Injection,https://malapi.io/winapi/OpenFileMappingA
OpenProcess,Injection,https://malapi.io/winapi/OpenProcess
OpenProcessToken,Injection,https://malapi.io/winapi/OpenProcessToken
OpenSCManagerA,Helper,https://malapi.io/winapi/OpenSCManagerA
OpenServiceA,Helper,https://malapi.io/winapi/OpenServiceA
OpenThread,Injection,https://malapi.io/winapi/OpenThread
OutputDebugStringA,Anti-Debugging,https://malapi.io/winapi/OutputDebugStringA
PathFileExistsA,Enumeration,https://malapi.io/winapi/PathFileExistsA
PeekMessageA,Spying,https://malapi.io/winapi/PeekMessageA
PeekNamedPipe,Helper,https://malapi.io/winapi/PeekNamedPipe
PostMessageA,Spying,https://malapi.io/winapi/PostMessageA
PostThreadMessageA,Spying,https://malapi.io/winapi/PostThreadMessageA
Process32First,Enumeration,https://malapi.io/winapi/Process32First
Process32First,Injection,https://malapi.io/winapi/Process32First
Process32Next,Enumeration,https://malapi.io/winapi/Process32Next
Process32Next,Injection,https://malapi.io/winapi/Process32Next
QueryPerformanceCounter,Anti-Debugging,https://malapi.io/winapi/QueryPerformanceCounter
QueryPerformanceFrequency,Anti-Debugging,https://malapi.io/winapi/QueryPerformanceFrequency
QueueUserAPC,Injection,https://malapi.io/winapi/QueueUserAPC
ReadFile,Enumeration,https://malapi.io/winapi/ReadFile
ReadProcessMemory,Enumeration,https://malapi.io/winapi/ReadProcessMemory
ReadProcessMemory,Injection,https://malapi.io/winapi/ReadProcessMemory
Recv,Internet,https://malapi.io/winapi/Recv
RegCloseKey,Helper,https://malapi.io/winapi/RegCloseKey
RegConnectRegistryA,Helper,https://malapi.io/winapi/RegConnectRegistryA
RegCopyTreeA,Helper,https://malapi.io/winapi/RegCopyTreeA
RegCreateKeyA,Helper,https://malapi.io/winapi/RegCreateKeyA
RegCreateKeyExA,Helper,https://malapi.io/winapi/RegCreateKeyExA
RegCreateKeyTransactedA,Helper,https://malapi.io/winapi/RegCreateKeyTransactedA
RegDeleteKeyA,Helper,https://malapi.io/winapi/RegDeleteKeyA
RegDeleteKeyExA,Helper,https://malapi.io/winapi/RegDeleteKeyExA
RegDeleteKeyTransactedA,Helper,https://malapi.io/winapi/RegDeleteKeyTransactedA
RegDeleteKeyValueA,Helper,https://malapi.io/winapi/RegDeleteKeyValueA
RegDeleteTreeA,Helper,https://malapi.io/winapi/RegDeleteTreeA
RegDeleteValueA,Helper,https://malapi.io/winapi/RegDeleteValueA 
RegDeleteValueA,Helper,https://malapi.io/winapi/RegDeleteValueA
RegEnumKeyA,Enumeration,https://malapi.io/winapi/RegEnumKeyA
RegEnumKeyA,Helper,https://malapi.io/winapi/RegEnumKeyA
RegEnumKeyExA,Enumeration,https://malapi.io/winapi/RegEnumKeyExA
RegEnumKeyExA,Helper,https://malapi.io/winapi/RegEnumKeyExA
RegEnumValueA,Enumeration,https://malapi.io/winapi/RegEnumValueA
RegEnumValueA,Helper,https://malapi.io/winapi/RegEnumValueA
RegFlushKey,Helper,https://malapi.io/winapi/RegFlushKey
RegGetKeySecurity,Helper,https://malapi.io/winapi/RegGetKeySecurity
RegGetValueA,Helper,https://malapi.io/winapi/RegGetValueA
RegLoadKeyA,Helper,https://malapi.io/winapi/RegLoadKeyA
RegLoadMUIStringA,Helper,https://malapi.io/winapi/RegLoadMUIStringA
RegOpenCurrentUser,Helper,https://malapi.io/winapi/RegOpenCurrentUser
RegOpenKeyA,Helper,https://malapi.io/winapi/RegOpenKeyA
RegOpenKeyExA,Helper,https://malapi.io/winapi/RegOpenKeyExA
RegOpenKeyExA,Helper,https://malapi.io/winapi/RegOpenKeyExA
RegOpenKeyTransactedA,Helper,https://malapi.io/winapi/RegOpenKeyTransactedA
RegOpenUserClassesRoot,Helper,https://malapi.io/winapi/RegOpenUserClassesRoot
RegOverridePredefKey,Helper,https://malapi.io/winapi/RegOverridePredefKey
RegQueryInfoKeyA,Enumeration,https://malapi.io/winapi/RegQueryInfoKeyA
RegQueryMultipleValuesA,Enumeration,https://malapi.io/winapi/RegQueryMultipleValuesA
RegQueryValueExA,Enumeration,https://malapi.io/winapi/RegQueryValueExA
RegReplaceKeyA,Helper,https://malapi.io/winapi/RegReplaceKeyA
RegRestoreKeyA,Helper,https://malapi.io/winapi/RegRestoreKeyA
RegSaveKeyA,Helper,https://malapi.io/winapi/RegSaveKeyA
RegSaveKeyExA,Helper,https://malapi.io/winapi/RegSaveKeyExA
RegSetKeySecurity,Helper,https://malapi.io/winapi/RegSetKeySecurity
RegSetKeyValueA,Helper,https://malapi.io/winapi/RegSetKeyValueA
RegSetValueExA,Helper,https://malapi.io/winapi/RegSetValueExA
RegUnLoadKeyA,Helper,https://malapi.io/winapi/RegUnLoadKeyA
RegisterHotKey,Evasion,https://malapi.io/winapi/RegisterHotKey
RegisterHotKey,Spying,https://malapi.io/winapi/RegisterHotKey
RegisterRawInputDevices,Spying,https://malapi.io/winapi/RegisterRawInputDevices
ResumeThread,Injection,https://malapi.io/winapi/ResumeThread
RtlCopyMemory,Injection,https://malapi.io/winapi/RtlCopyMemory
RtlCreateHeap,Injection,https://malapi.io/winapi/RtlCreateHeap
RtlGetVersion,Enumeration,https://malapi.io/winapi/RtlGetVersion
RtlGetVersion,Anti-Debugging,https://malapi.io/winapi/RtlGetVersion
RtlMoveMemory,Injection,https://malapi.io/winapi/RtlMoveMemory 
RtlSetProcessIsCritical,Helper,https://malapi.io/winapi/RtlSetProcessIsCritical
SearchPathA,Enumeration,https://malapi.io/winapi/SearchPathA
Select,Evasion,https://malapi.io/winapi/Select
Send,Internet,https://malapi.io/winapi/Send
SendMessageA,Spying,https://malapi.io/winapi/SendMessageA
SendMessageCallbackA,Spying,https://malapi.io/winapi/SendMessageCallbackA
SendMessageTimeoutA,Spying,https://malapi.io/winapi/SendMessageTimeoutA
SendNotifyMessageA,Spying,https://malapi.io/winapi/SendNotifyMessageA
SetClipboardData,Helper,https://malapi.io/winapi/SetClipboardData
SetCurrentDirectory,Helper,https://malapi.io/winapi/SetCurrentDirectory
SetEnvironmentVariableA,Evasion,https://malapi.io/winapi/SetEnvironmentVariableA
SetFileAttributesA,Evasion,https://malapi.io/winapi/SetFileAttributesA 
SetFileTime,Evasion,https://malapi.io/winapi/SetFileTime
SetFocus,Helper,https://malapi.io/winapi/SetFocus
SetForegroundWindow,Helper,https://malapi.io/winapi/SetForegroundWindow
SetProcessDEPPolicy,Injection,https://malapi.io/winapi/SetProcessDEPPolicy
SetPropA,Injection,https://malapi.io/winapi/SetPropA
SetThreadContext,Injection,https://malapi.io/winapi/SetThreadContext
SetThreadPriority,Helper,https://malapi.io/winapi/SetThreadPriority
SetThreadToken,Evasion,https://malapi.io/winapi/SetThreadToken
SetThreadToken,Helper,https://malapi.io/winapi/SetThreadToken
SetTimer,Evasion,https://malapi.io/winapi/SetTimer
SetWaitableTimer,Evasion,https://malapi.io/winapi/SetWaitableTimer
SetWaitableTimer,Evasion,https://malapi.io/winapi/SetWaitableTimer
SetWinEventHook,Spying,https://malapi.io/winapi/SetWinEventHook
SetWindowLongA,Helper,https://malapi.io/winapi/SetWindowLongA
SetWindowLongPtrA,Helper,https://malapi.io/winapi/SetWindowLongPtrA
SetWindowsHookExA,Spying,https://malapi.io/winapi/SetWindowsHookExA
ShellExecuteA,Internet,https://malapi.io/winapi/ShellExecuteA
ShellExecuteExA,Internet,https://malapi.io/winapi/ShellExecuteExA
ShowWindow,Helper,https://malapi.io/winapi/ShowWindow
SizeOfResource,Evasion,https://malapi.io/winapi/SizeOfResource
SizeOfResource,Helper,https://malapi.io/winapi/SizeOfResource
Sleep,Evasion,https://malapi.io/winapi/Sleep
Sleep,Anti-Debugging,https://malapi.io/winapi/Sleep
SleepEx,Evasion,https://malapi.io/winapi/SleepEx 
SleepEx,Anti-Debugging,https://malapi.io/winapi/SleepEx 
Socket,Internet,https://malapi.io/winapi/Socket
StartServiceA,Helper,https://malapi.io/winapi/StartServiceA
StartServiceCtrlDispatcherA,Helper,https://malapi.io/winapi/StartServiceCtrlDispatcherA
StretchBlt,Spying,https://malapi.io/winapi/StretchBlt
SuspendThread,Injection,https://malapi.io/winapi/SuspendThread
TerminateProcess,Helper,https://malapi.io/winapi/TerminateProcess 
TerminateThread,Helper,https://malapi.io/winapi/TerminateThread
Thread32First,Enumeration,https://malapi.io/winapi/Thread32First
Thread32First,Injection,https://malapi.io/winapi/Thread32First
Thread32Next,Enumeration,https://malapi.io/winapi/Thread32Next
Thread32Next,Injection,https://malapi.io/winapi/Thread32Next
TimeGetTime,Evasion,https://malapi.io/winapi/TimeGetTime
Toolhelp32ReadProcessMemory,Injection,https://malapi.io/winapi/Toolhelp32ReadProcessMemory
URLDownloadToCacheFile,Internet,https://malapi.io/winapi/URLDownloadToCacheFile
URLDownloadToFile,Internet,https://malapi.io/winapi/URLDownloadToFile
URLOpenBlockingStream,Internet,https://malapi.io/winapi/URLOpenBlockingStream
URLOpenStream,Internet,https://malapi.io/winapi/URLOpenStream
UnhookWindowsHookEx,Spying,https://malapi.io/winapi/UnhookWindowsHookEx
UnmapViewOfFile,Helper,https://malapi.io/winapi/UnmapViewOfFile
UuidFromStringA,Injection,https://malapi.io/winapi/UuidFromStringA
UuidFromStringA,Evasion,https://malapi.io/winapi/UuidFromStringA
UuidFromStringA,Helper,https://malapi.io/winapi/UuidFromStringA
VirtualAlloc,Injection,https://malapi.io/winapi/VirtualAlloc
VirtualAlloc2,Injection,https://malapi.io/winapi/VirtualAlloc2
VirtualAlloc2FromApp,Injection,https://malapi.io/winapi/VirtualAlloc2FromApp
VirtualAllocEx,Injection,https://malapi.io/winapi/VirtualAllocEx
VirtualAllocExNuma,Injection,https://malapi.io/winapi/VirtualAllocExNuma
VirtualAllocFromApp,Injection,https://malapi.io/winapi/VirtualAllocFromApp
VirtualProtect,Injection,https://malapi.io/winapi/VirtualProtect
VirtualProtectEx,Injection,https://malapi.io/winapi/VirtualProtectEx
VirtualProtectFromApp,Injection,https://malapi.io/winapi/VirtualProtectFromApp
VirtualQueryEx,Enumeration,https://malapi.io/winapi/VirtualQueryEx
WNetAddConnection2A,Enumeration,https://malapi.io/winapi/WNetAddConnection2A
WNetAddConnection2A,Helper,https://malapi.io/winapi/WNetAddConnection2A
WNetAddConnectionA,Enumeration,https://malapi.io/winapi/WNetAddConnectionA
WNetCloseEnum,Enumeration,https://malapi.io/winapi/WNetCloseEnum
WNetEnumResourceA,Enumeration,https://malapi.io/winapi/WNetEnumResourceA
WNetEnumResourceA,Helper,https://malapi.io/winapi/WNetEnumResourceA
WNetOpenEnumA,Internet,https://malapi.io/winapi/WNetOpenEnumA
WNetOpenEnumA,Helper,https://malapi.io/winapi/WNetOpenEnumA
WSACleanup,Internet,https://malapi.io/winapi/WSACleanup
WSAIoctl,Internet,https://malapi.io/winapi/WSAIoctl
WSASocketA,Internet,https://malapi.io/winapi/WSASocketA
WSAStartup,Internet,https://malapi.io/winapi/WSAStartup
WaitForMultipleObjects,Injection,https://malapi.io/winapi/WaitForMultipleObjects
WaitForMultipleObjects,Evasion,https://malapi.io/winapi/WaitForMultipleObjects
WaitForMultipleObjectsEx,Injection,https://malapi.io/winapi/WaitForMultipleObjectsEx
WaitForMultipleObjectsEx,Evasion,https://malapi.io/winapi/WaitForMultipleObjectsEx
WaitForSingleObject,Injection,https://malapi.io/winapi/WaitForSingleObject 
WaitForSingleObject,Evasion,https://malapi.io/winapi/WaitForSingleObject 
WaitForSingleObjectEx,Injection,https://malapi.io/winapi/WaitForSingleObjectEx
WaitForSingleObjectEx,Evasion,https://malapi.io/winapi/WaitForSingleObjectEx
WinExec,Internet,https://malapi.io/winapi/WinExec
Wow64SetThreadContext,Injection,https://malapi.io/winapi/Wow64SetThreadContext
WriteFile,Helper,https://malapi.io/winapi/WriteFile
WriteProcessMemory,Injection,https://malapi.io/winapi/WriteProcessMemory
ioctlsocket,Internet,https://malapi.io/winapi/ioctlsocket
lstrcatA,Helper,https://malapi.io/winapi/lstrcatA
timeSetEvent,Evasion,https://malapi.io/winapi/timeSetEvent
